key,key:userAccount,employeeCode,spokenLanguages,moment,bio,salary,photoLink,key:airline
# base entity
agent-01,user-account-agent-01,AZ000001,"Lorem ipsum dolor sit amet, consectetur adipiscing elit. Sed do: eiusmod tempor incididunt ut labore et dolore magna aliqua! Ut*",2011/04/16 00:00,"Lorem ipsum dolor sit amet, consectetur adipiscing elit. Sed do: eiusmod tempor incididunt ut labore et dolore magna aliqua! Ut*",EUR 25000,http://lorem.com/ipsum,airline-01
# spokenLanguages variations
agent-02,user-account-agent-02,AZ000002,L,2011/04/16 00:00,"Lorem ipsum dolor sit amet, consectetur adipiscing elit. Sed do: eiusmod tempor incididunt ut labore et dolore magna aliqua! Ut*",EUR 25000,http://lorem.com/ipsum,null
agent-03,user-account-agent-03,AZ000003,Lo,2011/04/16 00:00,"Lorem ipsum dolor sit amet, consectetur adipiscing elit. Sed do: eiusmod tempor incididunt ut labore et dolore magna aliqua! Ut*",EUR 25000,http://lorem.com/ipsum,null
agent-04,user-account-agent-04,AZ000004,"Lorem ipsum dolor sit amet, consectetur adipiscing elit. Sed do: eiusmod tempor incididunt ut labore et dolore magna aliqua! Ut enim ad minim veniam? Quis nostrud exercitation ullamco laboris nisi ut aliquip ex ea commodo consequat. Duis aute irure dolor",2011/04/16 00:00,"Lorem ipsum dolor sit amet, consectetur adipiscing elit. Sed do: eiusmod tempor incididunt ut labore et dolore magna aliqua! Ut*",EUR 25000,http://lorem.com/ipsum,null
agent-05,user-account-agent-05,AZ000005,"Lorem ipsum dolor sit amet, consectetur adipiscing elit. Sed do: eiusmod tempor incididunt ut labore et dolore magna aliqua! Ut enim ad minim veniam? Quis nostrud exercitation ullamco laboris nisi ut aliquip ex ea commodo consequat. Duis aute irure dolor*",2011/04/16 00:00,"Lorem ipsum dolor sit amet, consectetur adipiscing elit. Sed do: eiusmod tempor incididunt ut labore et dolore magna aliqua! Ut*",EUR 25000,http://lorem.com/ipsum,null
agent-06,user-account-agent-06,AZ000006,โลเร็ม อิปซัม,2011/04/16 00:00,"Lorem ipsum dolor sit amet, consectetur adipiscing elit. Sed do: eiusmod tempor incididunt ut labore et dolore magna aliqua! Ut*",EUR 25000,http://lorem.com/ipsum,null
agent-07,user-account-agent-07,AZ000007,لوريم إيبسوم,2011/04/11 00:00,"Lorem ipsum dolor sit amet, consectetur adipiscing elit. Sed do: eiusmod tempor incididunt ut labore et dolore magna aliqua! Ut*",EUR 25000,http://lorem.com/ipsum,null
agent-08,user-account-agent-08,AZ000008,洛伦·伊普森,2011/04/16 00:00,"Lorem ipsum dolor sit amet, consectetur adipiscing elit. Sed do: eiusmod tempor incididunt ut labore et dolore magna aliqua! Ut*",EUR 25000,http://lorem.com/ipsum,null
agent-09,user-account-agent-09,AZ000009,<marquee>Hacked</marquee>,2011/04/16 00:00,"Lorem ipsum dolor sit amet, consectetur adipiscing elit. Sed do: eiusmod tempor incididunt ut labore et dolore magna aliqua! Ut*",EUR 25000,http://lorem.com/ipsum,null
agent-10,user-account-agent-10,AZ000010,<script>alert(‘Hacked!’);</script>,2011/04/16 00:00,"Lorem ipsum dolor sit amet, consectetur adipiscing elit. Sed do: eiusmod tempor incididunt ut labore et dolore magna aliqua! Ut*",EUR 25000,http://lorem.com/ipsum,null
agent-11,user-account-agent-11,AZ000011,' or 'A' = 'A ,2011/04/16 00:00,"Lorem ipsum dolor sit amet, consectetur adipiscing elit. Sed do: eiusmod tempor incididunt ut labore et dolore magna aliqua! Ut*",EUR 25000,http://lorem.com/ipsum,null
# moment variations
agent-12,user-account-agent-12,AZ000012,"Lorem ipsum dolor sit amet, consectetur adipiscing elit. Sed do: eiusmod tempor incididunt ut labore et dolore magna aliqua! Ut*",2000/01/01 00:00,"Lorem ipsum dolor sit amet, consectetur adipiscing elit. Sed do: eiusmod tempor incididunt ut labore et dolore magna aliqua! Ut*",EUR 25000,http://lorem.com/ipsum,null
agent-13,user-account-agent-13,AZ000013,"Lorem ipsum dolor sit amet, consectetur adipiscing elit. Sed do: eiusmod tempor incididunt ut labore et dolore magna aliqua! Ut*",2000/01/01 00:01,"Lorem ipsum dolor sit amet, consectetur adipiscing elit. Sed do: eiusmod tempor incididunt ut labore et dolore magna aliqua! Ut*",EUR 25000,http://lorem.com/ipsum,null
agent-14,user-account-agent-14,AZ000014,"Lorem ipsum dolor sit amet, consectetur adipiscing elit. Sed do: eiusmod tempor incididunt ut labore et dolore magna aliqua! Ut*",2022/07/29 23:59,"Lorem ipsum dolor sit amet, consectetur adipiscing elit. Sed do: eiusmod tempor incididunt ut labore et dolore magna aliqua! Ut*",EUR 25000,http://lorem.com/ipsum,null
agent-15,user-account-agent-15,AZ000015,"Lorem ipsum dolor sit amet, consectetur adipiscing elit. Sed do: eiusmod tempor incididunt ut labore et dolore magna aliqua! Ut*",2022/07/30 00:00,"Lorem ipsum dolor sit amet, consectetur adipiscing elit. Sed do: eiusmod tempor incididunt ut labore et dolore magna aliqua! Ut*",EUR 25000,http://lorem.com/ipsum,null
# bio variations
agent-16,user-account-agent-16,AZ000016,"Lorem ipsum dolor sit amet, consectetur adipiscing elit. Sed do: eiusmod tempor incididunt ut labore et dolore magna aliqua! Ut*",2011/04/16 00:00,L,EUR 25000,http://lorem.com/ipsum,null
agent-17,user-account-agent-17,AZ000017,"Lorem ipsum dolor sit amet, consectetur adipiscing elit. Sed do: eiusmod tempor incididunt ut labore et dolore magna aliqua! Ut*",2011/04/16 00:00,Lo,EUR 25000,http://lorem.com/ipsum,null
agent-18,user-account-agent-18,AZ000018,"Lorem ipsum dolor sit amet, consectetur adipiscing elit. Sed do: eiusmod tempor incididunt ut labore et dolore magna aliqua! Ut*",2011/04/16 00:00,"Lorem ipsum dolor sit amet, consectetur adipiscing elit. Sed do: eiusmod tempor incididunt ut labore et dolore magna aliqua! Ut enim ad minim veniam? Quis nostrud exercitation ullamco laboris nisi ut aliquip ex ea commodo consequat. Duis aute irure dolor",EUR 25000,http://lorem.com/ipsum,null
agent-19,user-account-agent-19,AZ000019,"Lorem ipsum dolor sit amet, consectetur adipiscing elit. Sed do: eiusmod tempor incididunt ut labore et dolore magna aliqua! Ut*",2011/04/16 00:00,"Lorem ipsum dolor sit amet, consectetur adipiscing elit. Sed do: eiusmod tempor incididunt ut labore et dolore magna aliqua! Ut enim ad minim veniam? Quis nostrud exercitation ullamco laboris nisi ut aliquip ex ea commodo consequat. Duis aute irure dolor*",EUR 25000,http://lorem.com/ipsum,null
agent-20,user-account-agent-20,AZ000020,"Lorem ipsum dolor sit amet, consectetur adipiscing elit. Sed do: eiusmod tempor incididunt ut labore et dolore magna aliqua! Ut*",2011/04/16 00:00,โลเร็ม อิปซัม,EUR 25000,http://lorem.com/ipsum,null
agent-21,user-account-agent-21,AZ000021,"Lorem ipsum dolor sit amet, consectetur adipiscing elit. Sed do: eiusmod tempor incididunt ut labore et dolore magna aliqua! Ut*",2011/04/11 00:00,لوريم إيبسوم,EUR 25000,http://lorem.com/ipsum,null
agent-22,user-account-agent-22,AZ000022,"Lorem ipsum dolor sit amet, consectetur adipiscing elit. Sed do: eiusmod tempor incididunt ut labore et dolore magna aliqua! Ut*",2011/04/16 00:00,洛伦·伊普森,EUR 25000,http://lorem.com/ipsum,null
agent-23,user-account-agent-23,AZ000023,"Lorem ipsum dolor sit amet, consectetur adipiscing elit. Sed do: eiusmod tempor incididunt ut labore et dolore magna aliqua! Ut*",2011/04/16 00:00,<marquee>Hacked</marquee>,EUR 25000,http://lorem.com/ipsum,null
agent-24,user-account-agent-24,AZ000024,"Lorem ipsum dolor sit amet, consectetur adipiscing elit. Sed do: eiusmod tempor incididunt ut labore et dolore magna aliqua! Ut*",2011/04/16 00:00,<script>alert(‘Hacked!’);</script>,EUR 25000,http://lorem.com/ipsum,null
agent-25,user-account-agent-25,AZ000025,"Lorem ipsum dolor sit amet, consectetur adipiscing elit. Sed do: eiusmod tempor incididunt ut labore et dolore magna aliqua! Ut*",2011/04/16 00:00,' or 'A' = 'A ,EUR 25000,http://lorem.com/ipsum,null
# salary variations
agent-26,user-account-agent-26,AZ000026,"Lorem ipsum dolor sit amet, consectetur adipiscing elit. Sed do: eiusmod tempor incididunt ut labore et dolore magna aliqua! Ut*",2011/04/16 00:00,"Lorem ipsum dolor sit amet, consectetur adipiscing elit. Sed do: eiusmod tempor incididunt ut labore et dolore magna aliqua! Ut*",EUR 0,http://lorem.com/ipsum,null
agent-27,user-account-agent-27,AZ000027,"Lorem ipsum dolor sit amet, consectetur adipiscing elit. Sed do: eiusmod tempor incididunt ut labore et dolore magna aliqua! Ut*",2011/04/16 00:00,"Lorem ipsum dolor sit amet, consectetur adipiscing elit. Sed do: eiusmod tempor incididunt ut labore et dolore magna aliqua! Ut*",EUR 0.01,http://lorem.com/ipsum,null
agent-28,user-account-agent-28,AZ000028,"Lorem ipsum dolor sit amet, consectetur adipiscing elit. Sed do: eiusmod tempor incididunt ut labore et dolore magna aliqua! Ut*",2011/04/16 00:00,"Lorem ipsum dolor sit amet, consectetur adipiscing elit. Sed do: eiusmod tempor incididunt ut labore et dolore magna aliqua! Ut*",EUR 49999.99,http://lorem.com/ipsum,null
agent-29,user-account-agent-29,AZ000029,"Lorem ipsum dolor sit amet, consectetur adipiscing elit. Sed do: eiusmod tempor incididunt ut labore et dolore magna aliqua! Ut*",2011/04/16 00:00,"Lorem ipsum dolor sit amet, consectetur adipiscing elit. Sed do: eiusmod tempor incididunt ut labore et dolore magna aliqua! Ut*",EUR 50000,http://lorem.com/ipsum,null
# photoLink variations
agent-30,user-account-agent-30,AZ000030,"Lorem ipsum dolor sit amet, consectetur adipiscing elit. Sed do: eiusmod tempor incididunt ut labore et dolore magna aliqua! Ut*",2011/04/16 00:00,"Lorem ipsum dolor sit amet, consectetur adipiscing elit. Sed do: eiusmod tempor incididunt ut labore et dolore magna aliqua! Ut*",EUR 25000,http://lorem.com/ipsum,null
agent-31,user-account-agent-31,AZ000031,"Lorem ipsum dolor sit amet, consectetur adipiscing elit. Sed do: eiusmod tempor incididunt ut labore et dolore magna aliqua! Ut*",2011/04/16 00:00,"Lorem ipsum dolor sit amet, consectetur adipiscing elit. Sed do: eiusmod tempor incididunt ut labore et dolore magna aliqua! Ut*",EUR 25000,http://a.b,null
agent-32,user-account-agent-32,AZ000032,"Lorem ipsum dolor sit amet, consectetur adipiscing elit. Sed do: eiusmod tempor incididunt ut labore et dolore magna aliqua! Ut*",2011/04/16 00:00,"Lorem ipsum dolor sit amet, consectetur adipiscing elit. Sed do: eiusmod tempor incididunt ut labore et dolore magna aliqua! Ut*",EUR 25000,"http://www.lorem-ipsum.org/dolor/sit/amet,/consectetur/adipiscing/elit,/sed/do/eiusmod/tempor/incididunt/ut/labore/et/dolore/magna/aliqua/Ut/enim/ad/minim/veniam/quis/nostrud/exercitation/ullamco/laboris/nisi/ut/aliquip/ex/ea/commodo/consequat/duis/aute/",null
agent-33,user-account-agent-33,AZ000033,"Lorem ipsum dolor sit amet, consectetur adipiscing elit. Sed do: eiusmod tempor incididunt ut labore et dolore magna aliqua! Ut*",2011/04/16 00:00,"Lorem ipsum dolor sit amet, consectetur adipiscing elit. Sed do: eiusmod tempor incididunt ut labore et dolore magna aliqua! Ut*",EUR 25000,"http://www.lorem-ipsum.org/dolor/sit/amet,/consectetur/adipiscing/elit,/sed/do/eiusmod/tempor/incididunt/ut/labore/et/dolore/magna/aliqua/Ut/enim/ad/minim/veniam/quis/nostrud/exercitation/ullamco/laboris/nisi/ut/aliquip/ex/ea/commodo/consequat/duis/aute/X",null
agent-34,user-account-agent-34,AZ000034,"Lorem ipsum dolor sit amet, consectetur adipiscing elit. Sed do: eiusmod tempor incididunt ut labore et dolore magna aliqua! Ut*",2011/04/16 00:00,"Lorem ipsum dolor sit amet, consectetur adipiscing elit. Sed do: eiusmod tempor incididunt ut labore et dolore magna aliqua! Ut*",EUR 25000,http://www.lorem-ipsum.org,null
agent-35,user-account-agent-35,AZ000035,"Lorem ipsum dolor sit amet, consectetur adipiscing elit. Sed do: eiusmod tempor incididunt ut labore et dolore magna aliqua! Ut*",2011/04/16 00:00,"Lorem ipsum dolor sit amet, consectetur adipiscing elit. Sed do: eiusmod tempor incididunt ut labore et dolore magna aliqua! Ut*",EUR 25000,https://www.lorem-ipsum.org,null
agent-36,user-account-agent-36,AZ000036,"Lorem ipsum dolor sit amet, consectetur adipiscing elit. Sed do: eiusmod tempor incididunt ut labore et dolore magna aliqua! Ut*",2011/04/16 00:00,"Lorem ipsum dolor sit amet, consectetur adipiscing elit. Sed do: eiusmod tempor incididunt ut labore et dolore magna aliqua! Ut*",EUR 25000,http://www.lorem-ipsum.org/dolor/sit.html,null
agent-37,user-account-agent-37,AZ000037,"Lorem ipsum dolor sit amet, consectetur adipiscing elit. Sed do: eiusmod tempor incididunt ut labore et dolore magna aliqua! Ut*",2011/04/16 00:00,"Lorem ipsum dolor sit amet, consectetur adipiscing elit. Sed do: eiusmod tempor incididunt ut labore et dolore magna aliqua! Ut*",EUR 25000,http://www.lorem-ipsum.org/dolor/sit.html#dolor,null
agent-38,user-account-agent-38,AZ000038,"Lorem ipsum dolor sit amet, consectetur adipiscing elit. Sed do: eiusmod tempor incididunt ut labore et dolore magna aliqua! Ut*",2011/04/16 00:00,"Lorem ipsum dolor sit amet, consectetur adipiscing elit. Sed do: eiusmod tempor incididunt ut labore et dolore magna aliqua! Ut*",EUR 25000,http://example.org?a=1&b=2,null
agent-39,user-account-agent-39,AZ000039,"Lorem ipsum dolor sit amet, consectetur adipiscing elit. Sed do: eiusmod tempor incididunt ut labore et dolore magna aliqua! Ut*",2011/04/16 00:00,"Lorem ipsum dolor sit amet, consectetur adipiscing elit. Sed do: eiusmod tempor incididunt ut labore et dolore magna aliqua! Ut*",EUR 25000,http://example.org?,null
agent-40,user-account-agent-40,AZ000040,"Lorem ipsum dolor sit amet, consectetur adipiscing elit. Sed do: eiusmod tempor incididunt ut labore et dolore magna aliqua! Ut*",2011/04/16 00:00,"Lorem ipsum dolor sit amet, consectetur adipiscing elit. Sed do: eiusmod tempor incididunt ut labore et dolore magna aliqua! Ut*",EUR 25000,http://example.org?a,null
agent-41,user-account-agent-41,AZ000041,"Lorem ipsum dolor sit amet, consectetur adipiscing elit. Sed do: eiusmod tempor incididunt ut labore et dolore magna aliqua! Ut*",2011/04/16 00:00,"Lorem ipsum dolor sit amet, consectetur adipiscing elit. Sed do: eiusmod tempor incididunt ut labore et dolore magna aliqua! Ut*",EUR 25000,http://example.org?a&b,null
agent-42,user-account-agent-42,AZ000042,"Lorem ipsum dolor sit amet, consectetur adipiscing elit. Sed do: eiusmod tempor incididunt ut labore et dolore magna aliqua! Ut*",2011/04/16 00:00,"Lorem ipsum dolor sit amet, consectetur adipiscing elit. Sed do: eiusmod tempor incididunt ut labore et dolore magna aliqua! Ut*",EUR 25000,http://example.org/,null
agent-43,user-account-agent-43,AZ000043,"Lorem ipsum dolor sit amet, consectetur adipiscing elit. Sed do: eiusmod tempor incididunt ut labore et dolore magna aliqua! Ut*",2011/04/16 00:00,"Lorem ipsum dolor sit amet, consectetur adipiscing elit. Sed do: eiusmod tempor incididunt ut labore et dolore magna aliqua! Ut*",EUR 25000,http://example.org/a,null
agent-44,user-account-agent-44,AZ000044,"Lorem ipsum dolor sit amet, consectetur adipiscing elit. Sed do: eiusmod tempor incididunt ut labore et dolore magna aliqua! Ut*",2011/04/16 00:00,"Lorem ipsum dolor sit amet, consectetur adipiscing elit. Sed do: eiusmod tempor incididunt ut labore et dolore magna aliqua! Ut*",EUR 25000,http://example.org/a/b,null
agent-45,user-account-agent-45,AZ000045,"Lorem ipsum dolor sit amet, consectetur adipiscing elit. Sed do: eiusmod tempor incididunt ut labore et dolore magna aliqua! Ut*",2011/04/16 00:00,"Lorem ipsum dolor sit amet, consectetur adipiscing elit. Sed do: eiusmod tempor incididunt ut labore et dolore magna aliqua! Ut*",EUR 25000,http://example.org/a/b?,null
agent-46,user-account-agent-46,AZ000046,"Lorem ipsum dolor sit amet, consectetur adipiscing elit. Sed do: eiusmod tempor incididunt ut labore et dolore magna aliqua! Ut*",2011/04/16 00:00,"Lorem ipsum dolor sit amet, consectetur adipiscing elit. Sed do: eiusmod tempor incididunt ut labore et dolore magna aliqua! Ut*",EUR 25000,http://example.org/a/b?a&b,null
